spanning cluster area,total occupied area,total num of clusters,spanning_n,spanning prob
0.23611708870595752,0.5304904084761868,1424,14489,0.48295056831438954
0.019662237420529475,0.5668789748738733,1328,14831,0.49435018832705574
0.17502084518126915,0.5402547446796212,1156,15551,0.5183493883537216
0.015251392977052428,0.3864782173672363,1060,15793,0.526415786140462
0.23662081805018914,0.5841789762023007,2347,11376,0.3791873604213193
0.5286541522897023,0.6323418656963145,1201,15328,0.510916302789907
0.15315996901689208,0.3567219999383673,1310,14966,0.4988500383320556
0.1917874746468934,0.6382097387811231,1418,14700,0.489983667211093
0.0012149206482778602,0.479444890280343,922,16243,0.5414152861571281
0.006363313364550266,0.32077558085447905,830,16897,0.5632145595146828
0.023430209502150183,0.4640716644548541,435,19089,0.6362787907069765
0.03378012251555245,0.24635342479053976,880,16659,0.5552814906169794
0.0008865456901963405,0.6499250785814027,1267,15233,0.5077497416752775
0.0007606793320816951,0.5978251780805809,1499,14451,0.4816839438685377
0.0012708991088158739,0.4185303505850838,1008,16035,0.5344821839272025
0.00043094647798552,0.790760759075908,111,21955,0.7318089397020099
9.449073836459208e-05,0.28926895298215466,1962,12947,0.43155228159061365
0.24916825587638927,0.44372516440707055,765,17188,0.5729142361921269
0.41227192703047105,0.6753593927495743,557,18159,0.6052798240058664
0.2565537707616665,0.6891637454301971,1173,15392,0.5130495650144995
0.01397524654532935,0.5666187521754417,2277,12022,0.40071997600079995
0.038105005897571285,0.5475780772221877,2456,11442,0.3813872870904303
0.07831494941235183,0.6451351713304686,825,16723,0.5574147528415719
9.834648240432575e-11,0.43666738367719987,1763,13629,0.45428485717142764
0.04072027826083355,0.4950713930922968,2271,11873,0.3957534748841705
0.00021436543766724996,0.5658121155601673,2007,12823,0.42741908603046563
0.29610485526174446,0.6431200146564426,352,19340,0.6446451784940502
0.1241610925144992,0.4554102835344039,3035,8997,0.29989000366654445
0.0660581771533339,0.32980399573163954,609,17686,0.5895136828772374
0.11281378577715956,0.5228008342242151,506,18199,0.6066131128962368
0.031501991014115605,0.48151509160146944,434,19029,0.634278857371421
0.3077665040075394,0.6444620005848414,535,18349,0.6116129462351255
0.004579422648527914,0.42095440635256565,1058,15635,0.5211492950234993
0.1168903794958699,0.7591863596638712,96,21928,0.7309089697010099
7.729605529472741e-07,0.8215881781657137,1351,14603,0.4867504416519449
0.289831756847682,0.6439648513200471,844,16614,0.5537815406153128
2.6406739696266386e-09,0.6005548946690621,1178,15321,0.5106829772340922
2.2547859576293268e-05,0.3510446630791151,1656,13780,0.4593180227325756
0.0004859727453804567,0.5497458046086805,658,17711,0.5903469884337189
1.6307114790211143e-11,0.3844920513077594,1968,13060,0.4353188227059098
0.07174257498306309,0.6893610813558196,2704,10554,0.3517882737242092
0.035873838666571047,0.656570868872577,1114,15512,0.5170494316856105
0.3483774399673752,0.5853561120939121,930,16090,0.5363154561514616
0.00013312541578590662,0.4224095759400526,1718,13626,0.45418486050464985
0.12373995842167759,0.45901727950678367,1595,14165,0.4721509283023899
0.002095128984595125,0.5157144427738244,823,17012,0.5670477650744975
0.3052671449803467,0.58684297743911,1593,14134,0.4711176294123529
0.0002586362938824917,0.711214337565908,578,17954,0.5984467184427186
0.013602621921127066,0.18322396517709916,1598,13827,0.4608846371787607
0.0001254611096848102,0.2806344572361059,2998,9196,0.3065231158961368
0.0001574763800645532,0.5212455411229442,503,18094,0.6031132295590147
0.09295925837854799,0.4661097563016774,869,16777,0.5592146928435718
0.037749975664404994,0.17863370067304796,3022,8672,0.2890570314322856
7.477245013153599e-05,0.2973940258551061,141,21573,0.7190760307989734
1.7920814703619462e-13,0.548537033546932,1052,15875,0.5291490283657212
1.3558048743988224e-05,0.25501494607848585,439,18876,0.6291790273657545
0.08943556702297867,0.42496781099836145,2291,12092,0.403053231558948
0.0001701702865578839,0.7860956733355207,59,22678,0.7559081363954535
0.03862498047580765,0.25871171283182964,1982,12729,0.4242858571380954
9.834648240432575e-11,0.46508197412235436,2831,9684,0.3227892403586547
3.483111649638582e-07,0.8426465095336658,1282,15229,0.5076164127862405
6.256974263869241e-05,0.5227526951120643,2897,10052,0.33505549815006164
0.43448904728968346,0.5785099841805339,3227,8103,0.27009099696676775
0.030906377515337872,0.7028887240724009,1612,13988,0.46625112496250126
0.0014623639509720372,0.7867434954093254,604,17642,0.5880470650978301
0.05833468598334363,0.6827326399376369,734,17044,0.5681143961867938
0.013376315909081848,0.6490672342163197,2164,12432,0.41438618712709574
1.5903648196326997e-07,0.7253693410181435,900,16432,0.5477150761641278
4.577699575640912e-05,0.5682173382459187,2061,12654,0.42178594046865103
0.0004762985367732625,0.6494943674761438,1876,13220,0.4406519782673911
0.17235914883831832,0.3545746506688164,1517,14273,0.47575080830638977
1.2052654053446676e-06,0.23738839620542143,779,17127,0.5708809706343122
0.000542570522264472,0.2714636963851329,2830,9662,0.32205593146895106
0.2983388359652893,0.5320307443440859,1233,15167,0.5055498150061665
0.0075745057659659795,0.27686247393476054,2912,9843,0.3280890636978767
0.2513009673271693,0.48526272197482323,2099,12585,0.41948601713276223
0.08037040369716,0.3367524070986444,1849,13362,0.4453851538282057
0.46613870832256016,0.7298942738981224,1173,15405,0.5134828839038699
0.09605057751447456,0.3069970070528558,2782,10206,0.3401886603779874
0.001174569281765779,0.5149745412853817,2206,12407,0.4135528815706143
0.30385896619595665,0.5216062745958283,610,17476,0.5825139162027932
1.7720272549966055e-06,0.6788541014476852,662,17452,0.581713942868571
1.3048879961873356e-06,0.49580842353492754,2423,11330,0.37765407819739344
0.268765546387363,0.6000324902056067,3053,8877,0.2958901369954335
0.09864043622090532,0.3710498340782529,658,17368,0.5789140361987933
0.3194645641293884,0.5748234160750507,1430,14781,0.49268357721409284
0.019546193294467107,0.26568008396242515,2160,12373,0.4124195860137995
1.2914379928472887e-05,0.9017624765322676,896,16292,0.5430485650478317
0.00013274763804790263,0.32334009252996615,630,17684,0.589447018432719
0.13593433772784588,0.6278730141011083,1891,12904,0.43011899603346554
0.40462824596842223,0.44597391593822006,1120,15512,0.5170494316856105
0.0027237557506347267,0.4206020581507846,1358,14921,0.49735008833038896
3.6207144117985484e-05,0.5771090697832432,681,17210,0.5736475450818306
0.061717478356069506,0.35280667378107744,1475,14437,0.4812172927569081
2.8650688249021812e-05,0.4210799245902264,1387,14809,0.4936168794373521
0.5128365242499928,0.7004313955624382,36,24286,0.8095063497883404
0.37554750614700066,0.4704437710451473,2323,11517,0.3838872037598747
0.13279998979427443,0.3784323004965141,836,16820,0.56064797840072
0.01586932138255806,0.42502932957780265,1059,15613,0.5204159861337956
0.2690784627057824,0.3256835249941403,1043,15971,0.53234892170261
0.2589834119396952,0.5413631352148172,1895,13010,0.4336522115929469
0.04705575062020106,0.7138834144389493,712,16978,0.5659144695176828
0.2821909270658648,0.5642079600956607,1413,14786,0.49285023832538916
0.3763685011320161,0.5164688027953348,1096,15678,0.5225825805806473
0.12500400474704465,0.6777259753435276,835,16731,0.557681410619646
2.5897367735902743e-05,0.4119999682716047,832,16883,0.5627479084030532
0.1472562933832949,0.489746107694282,1276,15183,0.5060831305623146
0.09040357051540349,0.3270592964174435,2009,12926,0.4308523049231692
9.730699082250437e-07,0.624868768816364,2122,12380,0.41265291156961437
0.0012668792932221148,0.26741814487735116,754,17101,0.5700143328555715
1.204608558667924e-07,0.3261130950465032,2491,11276,0.3758541381953935
8.514600410339619e-05,0.6047241776179652,191,20818,0.6939102029932336
0.00013274763804790263,0.6207024388197798,2248,11823,0.3940868637712076
0.00033142881263919523,0.3763608503607281,1206,15118,0.5039165361154628
0.0001701702865578839,0.32720971158704754,2975,9466,0.31552281590613646
7.280749568144368e-09,0.2045951943176866,1438,14627,0.48755041498616714
0.11955883502481976,0.26372746853590423,2013,12730,0.4243191893603547
0.42711467061551034,0.44933488480914446,1192,15319,0.5106163127895736
0.367113893210195,0.415448739965592,879,16783,0.5594146861771274
8.514600410339619e-05,0.6657865353849267,1102,15678,0.5225825805806473
0.36635301702202727,0.6018854676821538,1497,14402,0.48005066497783405
0.5879790889559897,0.7929088069402447,6,26405,0.8801373287557082
0.24302642655760442,0.6269982984913948,817,16709,0.5569481017299424
0.537624116835012,0.7611273634294252,1115,15602,0.5200493316889437
0.00840636529442368,0.6474017521350007,353,19436,0.647845071830939
0.038056634632953126,0.4655071475127367,1064,15876,0.5291823605879804
0.3067844611499794,0.36491483972998195,762,17183,0.5727475750808306
0.12499882916921193,0.5904406387531732,1384,14655,0.48848371720942635
0.17410841795329726,0.3626663509220236,2635,10678,0.3559214692843572
0.19269540177816322,0.5296368561494047,1996,12896,0.4298523382553915
0.0046259673559195125,0.5262562727524833,1419,14505,0.48348388387053765
0.2653803094006554,0.6025186641795703,1520,14028,0.4675844138528716
0.2755019455403132,0.5515827792301914,1373,15033,0.5010832972234259
0.11730480560588016,0.269554516414982,1011,15853,0.5284157194760175
0.01740279353913688,0.34918949687878054,1046,15713,0.5237492083597214
0.1998561378046006,0.24084142599882846,1726,13397,0.44655178160727976
0.4395485713133073,0.5785077113763192,1696,13700,0.45665144495183496
0.09754879947114715,0.3168802830836633,2469,11614,0.3871204293190227
0.04215166501510931,0.618697775092136,204,20663,0.6887437085430486
0.1945787163191431,0.4689448129610144,3137,7828,0.2609246358454718
5.2180447582109194e-08,0.7867054876569279,1589,14052,0.46838438718709374
0.6984180400427572,0.7358413512717819,1092,15791,0.5263491216959435
0.010886336450104657,0.43640320986305925,134,21539,0.7179427352421586
0.0011506849852145828,0.622891378973586,1352,14738,0.4912502916569448
0.017666973647925483,0.4707534423818764,997,16068,0.5355821472617579
0.12195061166505887,0.3239146649127055,1730,13705,0.4568181060631312
0.0008317076984622904,0.4560590472306493,1468,14392,0.47971734275524147
0.27777373399017535,0.7523983154408341,933,16368,0.5455818139395353
2.5668773024896142e-06,0.1648642189307951,1138,15591,0.5196826772440919
0.000589211039405995,0.6184738492350295,2247,12067,0.4022199260024666
2.2325638443446413e-05,0.5717183774933896,2594,10857,0.3618879370687644
2.7167388193235493e-06,0.3472017481349797,1446,14248,0.47491750274990835
0.07701288852244632,0.7256907053932997,211,20941,0.6980100663311223
0.622399042343029,0.6946422887866321,1425,14508,0.48358388053731544
0.3508181708497468,0.6351021538659225,1408,14551,0.4850171660944635
0.10822708359457003,0.21893537353091022,1223,15223,0.5074164194526849
0.07988338680205642,0.5242442274165594,804,16848,0.5615812806239792
0.4533436623757931,0.512494616340961,1309,15099,0.5032832238925369
0.16879623076919612,0.4646004982156205,2189,12093,0.4030865637812073
0.0029741059923874785,0.521458784840366,1305,14970,0.49898336722109266
0.32927223227787,0.3950113038182813,2217,12053,0.40175327489083695
0.35816303701526303,0.7975799077902411,944,16209,0.5402819906003133
0.11544056397704623,0.6474514297597439,2204,12171,0.40568647711742944
0.12572349629792307,0.5730461845311124,2552,11089,0.36962101263291225
0.0011189818788493492,0.407207759193009,2046,12706,0.42351921602613246
0.0004175478714657825,0.3016983023645538,1118,15850,0.5283157228092397
0.1612605081866725,0.7086745012386184,1547,14242,0.47471750941635277
0.005651746165791527,0.5126788799276264,1253,15244,0.5081163961201294
0.4226209229426439,0.554259826875878,2827,9527,0.3175560814639512
0.3469346475933951,0.7106871079595317,961,16136,0.5378487383753875
0.5022771744336246,0.8009060434100845,946,16239,0.541281957268091
1.875467180613395e-05,0.5869893950399002,1766,13634,0.4544515182827239
0.5296431081034125,0.6944914860291553,529,18270,0.6089797006766441
0.3859464321511008,0.5482147947027607,920,16121,0.5373487550414986
4.176348450032433e-05,0.3998406674777536,1682,13824,0.4607846405119829
0.006602214196130067,0.32209845316077945,1477,14449,0.4816172794240192
0.5273224750785069,0.5903474170081959,2448,11465,0.38215392820239324
0.1390568832814531,0.5389762249986427,37,23937,0.7978734042198593
3.728975531696941e-05,0.7048558214444249,2083,12575,0.41915269491016965
0.25653301875261686,0.3120914171480477,1843,13320,0.4439852004933169
0.02983241574836773,0.35845892472598345,3034,8794,0.29312356254791505
0.003975174350670772,0.6603960061511569,1670,14122,0.4707176427452418
0.0014051217155281552,0.5947648794448237,676,17541,0.584680510649645
0.2771418606331216,0.536845626944787,1807,13272,0.4423852538248725
0.09680924361191792,0.253972579239911,1192,15496,0.5165161161294624
1.943748906437492e-11,0.3411677217285274,3070,8866,0.29552348255058164
0.18664790321799626,0.2937885768551087,876,16409,0.546948435052165
0.3735233008103175,0.4809205474388258,2258,11760,0.3919869337688744
1.5164369406872241e-09,0.6543496655149292,967,16315,0.5438152061597947
0.29243476676102753,0.4945391029269098,159,21274,0.7091096963434552
0.0004762872987571259,0.35661061459769944,1333,14774,0.49245025165827805
0.015272709490322112,0.6131125740474718,1101,15689,0.5229492350254992
3.618616952735676e-07,0.5273092906948806,500,18345,0.6114796173460885
0.00046156783077299924,0.632482496940917,41,23846,0.7948401719942668
1.5809738879881842e-07,0.5432242093102244,1489,14462,0.48205059831338953
0.20744494479237494,0.30652137827823916,1884,13149,0.4382853904869838
0.22232306328687748,0.30506516686245344,1976,12619,0.42061931268957703
3.133111643057374e-12,0.5905779897506587,836,17043,0.5680810639645345
0.45674233863192665,0.590567427422111,1680,13751,0.45835138828705707
0.435407720520257,0.6086078778805892,2455,11275,0.3758208059731342
0.2941406673421239,0.6594458935093306,1260,15229,0.5076164127862405
0.059030008504453155,0.3004665184724762,1493,14315,0.4771507616412786
0.6362048798330663,0.7120231453737278,1710,13688,0.45625145828472385
0.2345705684266212,0.5772529236970366,1839,13363,0.44541848605046497
0.1649004083259439,0.42793130587519407,756,17032,0.5677144095196827
0.025819797638157765,0.5017713060336635,1539,14532,0.4843838538715376
0.03206734043501066,0.6124220184514167,2729,10455,0.34848838372054264
0.2843364765785284,0.6409215307832983,2832,10375,0.345821805939802
0.2573500281049639,0.3386778353127756,1431,14334,0.4777840738642045
0.022393776299485066,0.4024595357026705,602,17890,0.596313456218126
0.21861290294186758,0.7376068256527626,2129,12189,0.4062864571180961
0.26183890893043127,0.5635768043590836,1413,15028,0.5009166361121296
5.94181887152504e-08,0.31822778885896774,2130,12199,0.40661977934068866
0.020657031936358355,0.5627481597721465,1339,14855,0.49515016166127795
0.000908040198917681,0.517878739266797,2024,12666,0.42218592713576214
0.1315943761474636,0.3667008019085723,784,16745,0.5581480617312756
0.41944567129128024,0.6997127114423342,1883,13129,0.4376187460417986
1.1304108641771754e-05,0.5657495846246904,2013,12915,0.4304856504783174
0.09108997080110422,0.39511403235645626,2398,11311,0.37702076597446754
0.33869802472392774,0.5370147389204879,623,17614,0.5871137628745708
0.029151883006357616,0.49330704575218964,934,16343,0.5447485083830539
6.257148140367307e-08,0.726104778882658,1452,14253,0.4750841638612046
0.009113600402067035,0.5217689712159329,1279,15099,0.5032832238925369
0.06409393823457321,0.3835181773416276,1620,14117,0.47055098163394554
0.11230478163065963,0.3450730339129908,2818,10067,0.33555548148395054
0.0005391004357660615,0.5598728087848013,1396,14666,0.4888503716542782
0.08867760561457151,0.5081253893386066,1450,14175,0.4724842505249825
0.002898621324066449,0.8040635751299158,1486,14215,0.4738175394153528
0.36643995429836684,0.4631170177003148,869,16580,0.5526482450584981
0.44285874065112923,0.6336105833465046,2155,12679,0.4226192460251325
6.003620107074415e-07,0.6284443136831928,2443,11355,0.37848738375387486
0.2479013149188178,0.5132561380212043,1326,14950,0.4983167227759075
0.22009070625548433,0.7576315324853858,1449,14371,0.47901736608779705
0.06503788597512199,0.4100963748600674,1606,14200,0.473317556081464
0.56335867936055,0.7459537223991153,417,18772,0.6257124762507916
0.008393930751014902,0.5234964104625247,2407,11402,0.38005399820006
1.2344279911097695e-07,0.7707959252259763,2576,10676,0.35585480483983867
0.12363017751683782,0.6545740833506138,1006,15948,0.5315822805906469
0.0858357932299947,0.687919503872832,80,22713,0.7570747641745276
0.2580946169474854,0.285089995735544,256,20042,0.6680443985200494
0.0308774877863231,0.5960344388374987,829,16818,0.5605813139562015
0.00347889784331463,0.3657928158863347,1782,13401,0.44668511049631676
0.10663722843044719,0.22084552706387606,998,16004,0.5334488850371655
0.02082486155814189,0.2758555323958528,1340,14625,0.4874837505416486
0.08609608282754191,0.3692379100722588,1320,14791,0.4930168994366854
3.733845897520004e-15,0.5632491990850482,1363,14810,0.49365021165961137
0.36473781513012393,0.717750745161154,218,20323,0.6774107529749008
8.062261162948845e-05,0.5823385608991771,1372,14741,0.4913502883237225
0.12290376239358283,0.2790253176315191,3210,7692,0.25639145361821275
2.664463652350374e-05,0.6622750169836655,1042,15692,0.5230492316922769
1.123801613661704e-08,0.33665710681499733,1533,14240,0.4746508449718343
0.32026677590853003,0.5260066976748756,1619,13964,0.46545115162827905
0.4083372421415347,0.6518211824252872,1777,13440,0.4479850671644279
8.756811937791988e-13,0.4912335301274602,320,19686,0.6561781273957534
7.25303258563662e-06,0.5999295504622949,707,17159,0.5719476017466084
0.1438046922867175,0.29801701056382823,1694,13630,0.4543181893936869
0.288811371304409,0.48695959136488387,2434,11428,0.3809206359788007
0.1055057929381946,0.49888913850691474,1428,14544,0.4847838405386487
0.3400369103573001,0.6451580962963123,2108,12401,0.4133528882370588
0.08406989418216022,0.36564201335740565,1720,13803,0.4600846638445385
0.39161788889432236,0.4279000706160918,788,17078,0.5692476917436086
3.5330899338834833e-09,0.35011192546597003,1547,14124,0.47078430718976033
0.13516857568520052,0.3833371259640705,986,16266,0.542181927269091
2.6736786672485393e-07,0.2905528560312203,2872,4530,0.15099496683443886
7.178414006540055e-08,0.46591954403697233,1364,14643,0.48808373054231524
0.0001142612622837782,0.5957980177945227,2911,9473,0.31575614146195125
0.14337221344588574,0.3268616937940948,2100,12430,0.41431952268257727
0.010595382852661244,0.35290741703928113,1071,15624,0.5207826405786474
0.12274316640567157,0.5183229824855784,2321,11629,0.3876204126529116
1.4212985070086229e-08,0.8860720859297201,1988,12988,0.43291890270324324
0.003572625157495826,0.42542218946043786,1788,13436,0.4478517382753908
0.13823581440631813,0.25862352091188406,2626,10592,0.35305489817006097
0.1264273053841455,0.28002011961528095,930,16206,0.5401819939335355
0.00047659225141868786,0.5627097294799602,2527,11036,0.36785440485317156
1.905036500289907e-08,0.5599879122215569,1714,13565,0.4521515949468351
0.011038718209229359,0.3253023253029009,1101,15525,0.5174827505749808
0.008761889072416158,0.32066797385724216,1936,13320,0.4439852004933169
0.00029772072294438645,0.4355375937983038,2058,12747,0.42488583713876205
0.15819823583556777,0.6969854815943304,1426,14524,0.48411719609346354
0.010383777608762173,0.7382826978379993,1527,14039,0.4679510682977234
0.000858147135917315,0.35390393429303735,2159,12112,0.40371987600413317
1.8525560900200594e-11,0.7081646895252331,1244,15255,0.5084830505649812
0.11016142674167488,0.6194985677148676,1773,13670,0.4556514782840572
0.2672624052833553,0.44019578709963336,1092,15469,0.5156161461284624
0.2477980632955283,0.3302060377373899,992,16116,0.5371820939302023
3.599606608293802e-10,0.5026957136619806,1510,14261,0.47535082163927866
0.007398317675099469,0.3851042225864379,2263,11761,0.39202026599113365
4.395367688071875e-08,0.49536130984629567,569,17827,0.5942135262157928
0.382519845351773,0.5715335337676106,1475,14323,0.4774174194193527
0.019940254480498586,0.5285866449663835,1195,15266,0.508849705009833
0.14096867119963277,0.694455892803714,1545,14158,0.4719176027465751
0.395995868040569,0.7827293731352384,273,19948,0.664911169627679
1.7536756047481713e-05,0.3393052011591149,202,21036,0.7011766274457518
0.034359450592150446,0.7338292658366408,403,18913,0.6304123195893471
0.010629851066331188,0.3998458654934233,1327,14972,0.4990500316656111
0.13571996710231662,0.4761117292294768,872,16798,0.5599146695110163
0.10513990635840785,0.7512659779866293,2532,10978,0.3659211359621346
0.16232616031193292,0.565044569703042,1367,14910,0.4969834338855372
0.44284538108336235,0.5367278747726287,2399,11316,0.3771874270857638
0.2054145389354847,0.32120618288165814,1149,15324,0.51078297390087
2.167799382542748e-05,0.5481901639736403,1326,15049,0.501616612779574
0.15042500825375787,0.3563264496519974,113,21973,0.7324089197026766
0.1739355818857777,0.5571093908887276,1726,13740,0.4579847338422053
3.258483990382179e-10,0.6484645405027682,1069,15464,0.5154494850171661
0.019752637545994052,0.4088341071887208,613,17790,0.5929802339922002
0.005799219645782184,0.30930134387363367,2659,10709,0.3569547681743942
0.22455274736028086,0.34194810573235374,1424,14242,0.47471750941635277
0.026215201327655566,0.6805679967332736,933,16387,0.5462151261624613
0.35396910681551796,0.6322842235888143,3076,5119,0.17062764574514183
4.994677331125357e-06,0.6934971803736951,1276,15053,0.5017499416686111
0.03705043901874601,0.4718797787771139,867,16537,0.5512149595013499
3.0150148675457203e-07,0.3041327554587996,1947,12688,0.42291923602546583
0.33380223389058306,0.5258209345196226,93,22258,0.7419086030465651
0.6696531580552583,0.72279617374785,1263,14929,0.49761674610846307
0.02484905514474006,0.37593080493811115,639,17816,0.593846871770941
0.1793213602160222,0.43496961724656236,1192,15405,0.5134828839038699
8.20036900135664e-06,0.32750647688445883,1211,15164,0.5054498183393887
0.021798340206400816,0.1887904490681675,929,16356,0.5451818272724243
0.1547215344196693,0.5753467639833132,590,17980,0.5993133562214593
0.4041277071972284,0.4461308760517226,1071,15731,0.524349188360388
0.40309718479673423,0.47792386222003186,1844,13375,0.4458184727175761
0.18573596124401887,0.22622804721558243,3224,6685,0.2228259058031399
0.0004622477857521777,0.7237038965382212,445,18777,0.6258791373620879
0.15620767536140528,0.5437464819921646,328,19677,0.6558781373954201
0.15917007389333682,0.4369680074506285,426,18705,0.6234792173594214
4.801438968917575e-11,0.6396676874357073,1474,14346,0.4781840605313156
0.0024163393771298764,0.3869241291256615,1761,13474,0.4491183627212426
0.11538553968827256,0.3180588370315867,215,20480,0.6826439118696044
0.2702767896156591,0.7242576174861838,764,16981,0.5660144661844605
0.2919995680134466,0.3642756433755378,1708,13513,0.45041831938935367
5.948094201007664e-07,0.37491811927153723,54,23354,0.7784407186427119
0.1440232845524468,0.37875938869702175,742,17307,0.5768807706409786
2.0205623965950796e-08,0.6372989754282895,989,16125,0.5374820839305356
0.01836013187669394,0.34653896509487137,1824,13242,0.44138528715709474
0.32361333037533435,0.6651269906731058,1373,14709,0.4902836572114263
0.14475011517462,0.3522905977044648,1417,14576,0.48585047165094497
2.4167751740840928e-08,0.7765445999362363,1651,13922,0.4640511982933902
0.3016840443857687,0.3459804623100594,2598,10984,0.36612112929569013
0.025009427148484333,0.7102180348032887,743,17146,0.571514282857238
0.0010619233013143474,0.8316002121202347,1059,15727,0.524215859471351
0.2417697953460726,0.5904126362596136,732,17067,0.5688810372987567
0.07661377858336282,0.5147430154744158,1800,13309,0.44361854604846507
0.2043055065075446,0.36661852593717004,1456,14563,0.4854171527615746
0.01181761866202628,0.328256833823983,945,16321,0.5440151994933502
0.04577839826860311,0.3999121265837418,883,16537,0.5512149595013499
0.13350384165631965,0.4679861593682895,772,17026,0.5675144161861271
0.2452702448483487,0.2821652004664,3101,8574,0.2857904736508783
1.3080792042867441e-06,0.4923203779662578,2131,12301,0.410019666011133
4.783901389086614e-12,0.63000763533217,2760,10322,0.3440551981600613
0.076480891846503,0.49621519807168324,663,17639,0.5879470684310523
0.09923918221129177,0.3295213941765538,1768,13531,0.4510182993900203
2.2134322858592348e-08,0.5122812902791078,1497,14076,0.46918436052131596
0.44763410519310376,0.6252393930306184,1647,13687,0.4562181260624646
0.029987990263060656,0.6652166606011579,527,18152,0.6050464984500517
0.37107287252807075,0.5047683609663629,2268,11699,0.38995366821105965
5.560777169780159e-07,0.4121685785833086,1983,12612,0.4203859871337622
0.36863398661928887,0.6617469163256221,1561,14249,0.4749508349721676
9.266179483385091e-08,0.4812097331243419,101,22159,0.7386087130428985
7.2008020293227045e-06,0.5051570960901464,842,16909,0.563614546181794
8.910850489973961e-05,0.5936554378899451,1570,14018,0.467251091630279
2.4422648720727673e-06,0.4147812215338556,2079,12405,0.4134862171260958
6.301802172224437e-12,0.32117458091542744,2651,10404,0.3467884403853205
0.1480655474947692,0.3523411918536647,428,19096,0.6365121162627912
0.0015636872806540508,0.7487191069485468,1264,15108,0.5035832138928702
3.5579278133264236e-09,0.78390202596016,2028,12692,0.4230525649145028
0.016478299542469203,0.2885995633015464,1603,14213,0.4737508749708343
0.0029942998958230726,0.612989874521629,2197,12145,0.4048198393386887
0.11439382913819307,0.7183295672085196,631,17942,0.5980467317756075
1.6197404609616344e-11,0.48645062497272645,992,15938,0.5312489583680544
0.305163489462446,0.5967411832170862,378,19186,0.6395120162661244
0.4324228350763567,0.7646162820356601,912,16428,0.5475817472750908
9.142332788701379e-10,0.2565440740758579,1218,15219,0.5072830905636478
5.1933769921286e-09,0.3747307420870497,2336,11548,0.3849205026499117
0.0886003886892164,0.7487177194305017,35,23843,0.7947401753274891
0.4407937010154266,0.5087706273489552,2629,10591,0.35302156594780176
0.5283353828526344,0.75933609360581,177,20620,0.6873104229859005
0.0892137955476848,0.5469464870627727,2193,12246,0.40818639378687377
5.619106536177002e-11,0.3078326819175351,1201,15433,0.5144161861271291
0.04368215352600923,0.6673820469022518,1391,14857,0.4952168261057965
0.08338310240665826,0.29086054404987033,1122,15464,0.5154494850171661
0.00196131076889954,0.48156811609954125,2231,11792,0.3930535648811706
0.0028501496780383097,0.4954249516722371,2602,11078,0.3692543581880604
0.1949139621591827,0.49580060822191485,1828,13227,0.4408853038232059
8.624607474223294e-08,0.691875074654278,1697,13730,0.4576514116196127
0.20483293583981838,0.47408233717644677,963,16309,0.5436152128262391
2.2505076494745924e-05,0.5123911966549215,1726,13718,0.4572514249525016
0.016232976032694843,0.5600704454975517,941,16256,0.5418486050464985
0.0001983159922829985,0.5758480096757339,1619,13992,0.46638445385153826
0.0006284446022481599,0.5369570308416475,2466,11578,0.3859204693176894
0.00324524842933133,0.36351096247435155,1336,14934,0.49778340721975933
0.11619972228151355,0.37235305968284577,1254,15379,0.5126162461251291
0.00018396604037053304,0.6898812279921409,247,20132,0.6710442985233825
1.0432831823459573e-06,0.7255264741689869,1635,13928,0.4642511916269458
0.5012336385319686,0.7180842619797863,174,21332,0.7110429652344922
1.631629550200141e-11,0.47520728675379786,1346,14880,0.49598346721775943
1.3520243364722957e-06,0.26518380351811854,2176,12406,0.41351954934835505
0.015447192771014891,0.75522268149704,1104,15517,0.5172160927969067
0.39905190898787374,0.620255077936873,69,22784,0.7594413519549348
1.5212222588024041e-05,0.48202808560132143,503,18344,0.6114462851238293
0.0014943144361719443,0.432747104651563,1351,14535,0.4844838505383154
0.002373236740590696,0.6867381845401188,569,18106,0.6035132162261257
0.012813929736331641,0.32438309706440066,1617,13926,0.46418452718242725
6.468208971783276e-09,0.5113741695130364,1415,14733,0.49108363054564846
0.367266520622024,0.5162201374435952,1749,13566,0.45218492716909436
0.12176028589069615,0.7530884945971216,51,23374,0.7791073630878971
0.05867723054763014,0.4160254348755143,597,17878,0.595913469551015
0.33404730294477475,0.57932419549531,1118,15449,0.5149495016832772
0.26063357004533877,0.37265378754102646,1118,15639,0.5212826239125362
0.43229183611999783,0.6084494561158742,2091,12531,0.41768607713076233
0.17212309597334763,0.37900686703091174,1715,13597,0.45321822605913137
0.26988742038723806,0.41250552227375925,822,16925,0.5641478617379421
3.902995923276857e-06,0.7596509485726701,1513,14230,0.4743175227492417
0.4128713654797599,0.6167923148920251,1798,13183,0.4394186860437985
0.4670417902542965,0.5542568639513322,1788,13270,0.442318589380354
0.00010494673266282114,0.6648944059698412,1470,14725,0.4908169727675744
0.04699820298237537,0.4904550022023295,637,17727,0.590880303989867
0.0017452820160597494,0.7370934646741427,654,17664,0.5887803739875338
0.014307126913126512,0.4047687592675212,1955,12753,0.42508583047231757
0.09916945544267809,0.198583383922772,1096,15885,0.5294823505883137
0.20859571011077419,0.43798263221690503,1164,15539,0.5179494016866104
0.0019382006707143002,0.541821547841801,695,17268,0.5755808139728675
0.22492322712400512,0.4833303431606397,2387,11880,0.39598680043998535
0.06566942134141132,0.5008133016699601,550,17951,0.5983467217759408
0.23803309930840114,0.27732122263761405,2714,10318,0.3439218692710243
0.033989882860668966,0.3825225389441151,1767,13395,0.44648511716276124
0.0003919456608233469,0.36468843406136026,769,17021,0.5673477550748308
3.788245402928204e-13,0.5318061104242173,1160,15767,0.5255491483617213
0.35581287682837287,0.7127147547940329,607,17924,0.5974467517749409
0.21901371657883953,0.34194602480498837,916,16676,0.5558481383953868
0.03320541462318562,0.2563523109330381,639,17920,0.5973134228859038
0.0010993228610958082,0.603090216517877,1485,14462,0.48205059831338953
0.16801802870277807,0.3711363198118528,1828,13230,0.4409853004899837
0.1567111358289326,0.2849078662208075,3191,6034,0.20112662911236293
0.2621699443729297,0.5963453462818487,2758,10323,0.34408853038232057
0.003833999908069094,0.4590887821269974,1803,13421,0.4473517549415019
0.21979298156848331,0.5370729995752326,2185,11995,0.3998200059998
0.019495227091905064,0.6299919519669369,1136,15471,0.5156828105729809
0.0012906497859121575,0.5048104983876986,1730,13651,0.45501816606113127
0.030048581020750448,0.5128796662915,610,17804,0.5934468851038299
0.597621423847279,0.827687834901784,1543,14405,0.48015066164461184
0.0008320632944000172,0.7175564862462432,902,16466,0.5488483717209426
0.012471999680766975,0.2742168806216309,1495,14282,0.4760507983067231
0.06468656952363588,0.8188910518796406,1918,13220,0.4406519782673911
0.04372678228965958,0.297178432207554,726,17176,0.5725142495250158
0.26889749761319703,0.42689014254639956,2950,4750,0.15832805573147563
8.449945471388723e-08,0.5333432243669729,1447,14356,0.4785173827539082
0.6830904793970214,0.7550047894638542,1461,14343,0.47808406386453783
0.001231708457384295,0.3388097776809021,1773,13509,0.4502849905003167
0.10463997587656305,0.34624682737114953,3025,8573,0.285757141428619
1.160809889599799e-07,0.2875449246073586,2655,10937,0.364554514849505
0.5768726685371268,0.7542776076676728,1645,13751,0.45835138828705707
0.34085183755991433,0.5651375462197528,1752,13362,0.4453851538282057
4.90556761166106e-07,0.5043227754660308,1287,14859,0.495283490550315
9.391169240834697e-07,0.7150390328181729,1894,12989,0.4329522349255025
0.4511397805646809,0.6583947039391147,2794,10076,0.33585547148428385
0.5806961519764742,0.6261679164443688,1808,13373,0.44575180827305755
0.31168983009379087,0.5916968454282442,1670,13777,0.4592180260657978
0.03869137984324149,0.816168407138435,126,21690,0.7229759008033065
0.02256758633942082,0.7215867751443346,1274,15030,0.5009833005566481
0.101511888680869,0.43473767010270464,771,16980,0.5659811339622013
0.3856481687089211,0.7514375098781538,600,17683,0.5894136862104596
1.5277484206450678e-06,0.4180125642403083,2129,12438,0.4145861804606513
0.1512664790533009,0.6126079062015324,202,20733,0.6910769641011967
0.39993010306708615,0.6722744836149249,1098,15776,0.5258491383620546
0.06966897255803531,0.44014197950975825,726,17220,0.5739808673044232
9.87775564286858e-07,0.4610791026483947,405,18902,0.6300456651444952
1.2914379928472887e-05,0.3484395096179026,2789,9958,0.3319222692576914
0.14505831970032826,0.28746462982152654,1602,14068,0.4689177027432419
0.14523340999921455,0.20523966322804535,1262,14961,0.4986833772207593
3.149570863591913e-10,0.4198851626523245,1010,16254,0.5417819406019799
0.16440655782991773,0.5112872330106628,864,16501,0.5500149995000166
0.34615271787658575,0.6655291095312217,1519,14345,0.47815072830905636
4.064666528081504e-06,0.5388644519835443,3021,8560,0.2853238225392487
0.23267568127061142,0.6106479140046883,2677,10313,0.343755208159728
3.467327143723367e-08,0.45566636712365205,2484,11127,0.37088763707876404
0.13189334211009685,0.5625362603934132,1726,13708,0.456918102729909
0.028200335482278936,0.23757695443107987,1772,13683,0.45608479717342754
0.18763911142268166,0.593525424263411,2378,11850,0.3949868337722076
1.6255063455565397e-05,0.400828033854404,368,18867,0.6288790373654212
4.549733582145229e-13,0.8053419568522593,1778,13431,0.4476850771640945
0.003021699288111297,0.3965394183807303,2084,12385,0.41281957268091063
0.06232652875521213,0.47253853536538454,2075,12754,0.42511916269457684
0.046227651125656626,0.4368897567126197,786,16948,0.564914502849905
0.003951469770179565,0.5542887033217747,2281,12134,0.40445318489383686
0.26957335146422506,0.4445789824127987,1110,15853,0.5284157194760175
0.0007602475142945766,0.3963595813662457,2362,11804,0.3934535515482817
0.3406140722154464,0.6654332656533644,965,16111,0.5370154328189061
0.35076815097769526,0.6971066847877677,1162,15490,0.5163161227959068
0.0029759712978969493,0.544717546753549,1709,13763,0.4587513749541682
8.25839881485085e-05,0.20889443712932082,2084,12564,0.4187860404653178
0.09668561495614539,0.3219562540102513,2169,12357,0.4118862704576514
0.1603238109603931,0.516383782589378,1099,15672,0.5223825872470917
0.3244467427300819,0.3508115402926712,1121,15461,0.5153494883503883
0.07749308584564865,0.6094550916584219,1817,13249,0.4416186127129096
0.36845417607052866,0.47193780103257055,1823,13502,0.45005166494450183
0.5579198510273046,0.7253691360598827,351,19207,0.6402119929335689
0.5077517719673945,0.7397902710219394,2546,10864,0.36212126262457917
8.018181925695645e-08,0.5027058378251419,956,16258,0.541915269491017
1.5928888336449495e-11,0.48793812955373556,1854,12973,0.43241891936935434
0.566837694497447,0.7956859154858231,927,16289,0.542948568381054
0.5141312635671065,0.6539207276159116,786,16940,0.564647845071831
0.2754713331864316,0.2929786818793211,866,16603,0.553414886170461
6.009310041688297e-09,0.5707451572980585,1784,13434,0.4477850738308723
0.3847716189675925,0.48001887835270446,2655,10815,0.3604879837338755
4.939845127308283e-12,0.2985693259664859,2729,10433,0.34775507483083895
0.3002815830947555,0.4466171335103595,1890,12967,0.4322189260357988
0.015547812854877469,0.4744505494284091,728,17138,0.571247625079164
9.321386566705592e-08,0.8145496884675257,1497,14410,0.48031732275590816
0.0012084529085884602,0.7487266616192934,1361,14741,0.4913502883237225
0.17985674123072276,0.6323632552889458,2985,9048,0.3015899470017666
0.09955188853217788,0.3153885397066561,3185,7793,0.25975800806639776
2.2199492897354014e-05,0.3363464552138312,475,18154,0.6051131628945702
0.30407405558572637,0.5847883197313296,805,16803,0.5600813306223126
0.02708520320309277,0.3861482673589959,1374,14790,0.4929835672144262
0.0011312659065007729,0.37184205815619487,3091,8512,0.28372387587080433
0.0035252967846949035,0.7031919312532787,1305,15071,0.5023499216692777
0.10707360060728054,0.5975022973012488,381,19266,0.6421785940468651
0.3170483858426554,0.667567281491509,401,18847,0.628212392920236
1.3514670127417898e-12,0.40036080288595927,1261,15394,0.513116229459018
0.12114176478596916,0.2190041098351817,1924,13066,0.43551881603946535
0.29846171054033055,0.41196001694902457,1503,14243,0.47475084163861203
3.133111643057374e-12,0.6054976326286623,3111,5718,0.19059364687843738
0.24974124039453421,0.6000440513390838,1825,13511,0.45035165494483514
0.0002357418976463159,0.17497408012397758,1935,12997,0.43321889270357655
0.001990355796119999,0.3870164715517247,787,16805,0.5601479950668311
0.10703183369239025,0.31171650011224566,1445,14625,0.4874837505416486
0.08899200396126909,0.46901507150343896,913,16660,0.5553148228392387
1.5842807337143588e-11,0.5486051257889849,1824,13160,0.4386520449318356
0.33820727680023105,0.3747720344726715,945,16352,0.5450484983833872
0.03521558209304857,0.4971115555943777,2236,12028,0.40091996933435553
0.303308580472824,0.613687562741082,528,18473,0.6157461417952735
0.008711586464663143,0.5615956230089407,1146,15657,0.5218826039132028
0.2904814495745998,0.4793941776589966,1570,14168,0.4722509249691677
0.11677569725158536,0.5949910639528992,2324,11584,0.38612046265124494
0.09674793799899334,0.19865744239144678,1092,15678,0.5225825805806473
1.649707194313506e-05,0.4156921684373533,2021,12621,0.42068597713409556
0.005099830070318398,0.4255815821839444,2771,10073,0.33575547481750606
0.5649483288451383,0.7675382412744669,180,20897,0.6965434485517149
0.08713170400882697,0.2429033216049814,1463,14329,0.47761741275290825
3.7159151526715127e-06,0.536706095795237,2239,12126,0.4041865271157628
0.08991995823421833,0.5041926324493047,1758,13662,0.4553848205059831
0.28571091999322534,0.40686473466793877,1169,15558,0.5185827139095364
0.22450715354748918,0.2901302369586474,1504,13965,0.4654844838505383
8.652491355932862e-07,0.4858485194552423,2918,9411,0.3136895436818773
0.11936669027625588,0.3419543127583858,960,16298,0.5432485583813873
0.21053177126848532,0.4598135113039929,312,19697,0.6565447818406053
0.09661895473689956,0.40864872059906415,2675,10670,0.35565481150628314
0.00243755491126467,0.655208036031142,2036,12563,0.41875270824305855
0.19081008114051498,0.2657977766613728,2688,10874,0.36245458484717175
5.697190789845479e-07,0.3260779891574578,2937,9354,0.31178960701309955
1.642789136209031e-05,0.4309514978710218,803,16683,0.5560814639512016
0.11885218515987611,0.5224201145139479,566,18027,0.6008799706676444
0.31962129044877846,0.40925641438159044,726,17264,0.5754474850838306
0.0003219473126234568,0.5688324875599069,1627,13566,0.45218492716909436
0.3636541760548686,0.755350811401596,990,15969,0.5322822572580914
0.00043990209613541256,0.4384568155695106,1125,15933,0.5310822972567582
0.0010080825050432162,0.36644602432236517,1227,15191,0.5063497883403887
1.2169835901672143e-05,0.5871173218759025,241,20430,0.6809773007566414
8.910850489973961e-05,0.59532562221226,898,16620,0.5539815339488684
5.5297407048405545e-11,0.20508216474665258,1854,13261,0.4420185993800207
0.4019314555455943,0.5013464727545869,1019,16092,0.5363821205959801
0.00029492710690720363,0.40751431633535273,576,18067,0.6022132595580147
6.965564890634608e-06,0.695841298296708,1363,14693,0.48975034165527814
2.080774987607013e-11,0.3503552003299624,3130,8336,0.2778574047531749
0.03963854400476669,0.3315820648254626,1324,14789,0.49295023499216695
0.013664329560039082,0.5254679236614638,1197,15442,0.5147161761274625
1.1115586509366254e-10,0.5647757363915641,1632,13841,0.4613512882903903
7.245649964712159e-07,0.5485860603248107,1181,15323,0.5107496416786107
0.0010857406808244816,0.6468665723595937,1067,15788,0.5262491250291657
0.003021699288111297,0.36860524458534105,1661,13618,0.4539182027265758
1.918261782519307e-06,0.6587197287000308,2190,11983,0.3994200193326889
0.023567388439147678,0.705342356272709,493,18458,0.6152461584613846
0.4672678673723319,0.6707828524329161,319,19776,0.6591780273990867
0.1901511493905452,0.559797920437536,1190,15102,0.5033832205593147
0.11674849236154723,0.25625516860276093,2565,10934,0.3644545181827272
0.2712734399918031,0.34257907982271973,1801,13176,0.43918536048798373
0.0970918521505759,0.17531519867203513,2709,10001,0.3333555548148395
0.19821957859580144,0.30404243924160007,771,17040,0.5679810672977568
0.4457612289548942,0.7319307638543946,1909,12970,0.4323189227025766
0.4138066286538476,0.7433550514821603,1988,12786,0.4261857938068731
9.917823586733072e-09,0.474722029693098,2577,11072,0.3690543648545048
0.2431035620150857,0.410058079768222,2807,10332,0.3443885203826539
0.0006479566763516854,0.7730622005150013,592,17861,0.5953468217726076
7.484484246524957e-09,0.252177658875474,2017,12468,0.41558614712842906
0.028516094587957758,0.5371530687986118,641,17742,0.5913802873237559
0.02468680335002929,0.45693205434230066,2375,11420,0.38065397820072666
0.08225763010519757,0.35514570567446035,171,20976,0.6991766941101963
0.000522048974804472,0.44679092153893807,1132,15656,0.5218492716909436
0.14485723404180825,0.2868443355724042,573,17788,0.5929135695476817
0.10495537990863758,0.37958145137658605,1574,14200,0.473317556081464
0.3771318936799996,0.5157485629388793,849,16841,0.5613479550681644
0.27086330672029063,0.5458718275136919,2492,10954,0.3651211626279124
0.016512070356848926,0.4435825159389833,1327,14837,0.4945501816606113
0.021474302274403192,0.22893286621013412,835,16721,0.5573480883970534
4.306843636610357e-08,0.26816882218998844,1304,14991,0.499683343888537
0.004630807190154807,0.7009777096217326,264,20003,0.6667444418519383
1.875467180613395e-05,0.4242805326799485,3051,8847,0.29489017032765574
0.13493578418275434,0.3771019794694481,2309,12004,0.4001199960001333
0.0007275668695131884,0.3069415061788144,1182,15547,0.5182160594646845
4.395367688071875e-08,0.36726618538250844,2651,10716,0.357188093730209
0.007567582365052251,0.6769001720739914,920,16196,0.539848671710943
0.022602948988361744,0.26557382951069575,431,18987,0.6328789040365321
8.573641017953354e-06,0.7031958226479916,1134,15528,0.5175827472417586
0.0002630886713424484,0.6943021461863527,450,18830,0.6276457451418286
6.30535770184989e-07,0.6794649930019327,859,16556,0.5518482717242759
0.41531179121026596,0.7571863284333531,2433,11060,0.36865437818739377
0.018320586020471565,0.3252827913279784,1100,15873,0.5290823639212027
0.36363999079038395,0.7201898633252422,418,18762,0.6253791540281991
0.0007845716144376097,0.7975194822957916,2617,10911,0.36368787707076433
0.19336076589873324,0.70063330450909,1279,15329,0.5109496350121663
1.051627558325946e-11,0.7932248135021733,2240,11983,0.3994200193326889
0.32724419204498767,0.5796971710946579,1731,13419,0.44728509049698345
0.011546130611226139,0.6155677345919509,1064,15776,0.5258491383620546
1.0999196397607842e-10,0.3901414329837985,1534,14239,0.47461751274957503
0.5235979000634963,0.6873002327271854,341,19426,0.6475117496083463
0.0005256600285345534,0.684959493163373,2499,11224,0.37412086263791205
5.202972632425959e-06,0.3941875844848981,947,16370,0.5456484783840538
0.21463037723312725,0.5214522793858588,453,18672,0.6223792540248658
7.202959230450026e-11,0.3379994343190814,3168,6257,0.20855971467617745
0.42853612231448174,0.5831792744170142,1334,14595,0.48648378387387087
0.08931822605236457,0.74006486055479,214,20766,0.6921769274357521
0.34029341026928656,0.5911692083678786,1106,15620,0.5206493116896104
0.006161310660137911,0.7385007222427729,744,16989,0.5662811239625346
0.08919193041788522,0.4843672942829166,2504,11001,0.36668777707409755
0.2949301614382083,0.463161904781003,1035,16128,0.5375820805973134
0.00020488486759073627,0.583890525202284,1260,15294,0.5097830072330922
0.3209983584992299,0.6294761470842919,303,19670,0.6556448118396053
0.1940561696636145,0.484182123721442,587,18130,0.604313189560348
0.051201053598084675,0.2482442405605497,1134,15797,0.526549115029499
0.3998588888732394,0.5236055595648306,2408,11621,0.38735375487483753
0.00022844283590237944,0.5166764993492925,455,18745,0.6248125062497917
0.14835464217703506,0.44593826738048176,1714,13740,0.4579847338422053
4.54654829084695e-05,0.4285517819806113,2019,12800,0.42665244491850274
1.0360167272338253e-05,0.32408532999442313,2900,9683,0.32275590813639543
3.7415904913607723e-06,0.6460539792003261,2642,10430,0.3476550781640612
0.5708636220575416,0.7132208761897253,1470,14552,0.48505049831672276
0.02246028174860066,0.3121434204700534,743,17156,0.5718476050798307
0.10221524697382939,0.6342002948891233,2042,12559,0.41861937935402155
0.0040569752333681946,0.5213814138877055,1532,14107,0.47021765941135296
0.029605495877173475,0.4473552591513339,725,17053,0.5684143861871271
0.29865751523138867,0.3260717632691051,727,17430,0.5809806339788673
0.013830849046099703,0.485818500442169,1428,14526,0.48418386053798207
0.007636804007774882,0.5474533743465068,2198,12019,0.4006199793340222
0.07073244805984698,0.5044133674290305,1212,15325,0.5108163061231292
0.005497928513020698,0.37734427098505585,1768,13631,0.4543515216159461
0.06656807234279784,0.23806255655472036,2311,12080,0.40265324489183696
0.10752269153707461,0.2487505804925642,459,18818,0.6272457584747175
1.2273194002049036e-06,0.30975671222039813,1367,14830,0.49431685610479653
0.10216349181086402,0.2730298113526905,992,16120,0.5373154228192394
1.6953950466805323e-10,0.6384738575215593,742,17044,0.5681143961867938
0.0028737414995622405,0.6189987959347957,1375,14924,0.49745008499716675
0.00046156783077299924,0.5900882752723547,1016,15989,0.5329489017032766
0.5289599402247339,0.6624060236241943,1164,15523,0.5174160861304623
0.5433866161849784,0.6010456772830909,2345,11610,0.3869871004299857
0.4638594421328064,0.6670485140654399,992,16004,0.5334488850371655
0.6952067017352397,0.7685570326498028,2252,12219,0.4072864237858738
0.4981330811357599,0.5825694068932115,1843,13029,0.4342855238158728
0.06292766331660238,0.310382911486391,833,16297,0.543215226159128
0.001862998332120844,0.27420117363115754,1514,14390,0.479650678310723
0.12169322936540052,0.37315098088192655,3151,8528,0.28425719142695244
0.2905531223716826,0.4140616470435923,747,17060,0.5686477117429419
9.420922164684163e-05,0.5162788033731154,1158,15286,0.5095163494550181
8.499638530237834e-05,0.6167254624063518,1261,15171,0.5056831438952035
2.590424965301598e-07,0.38278602380966836,2511,11450,0.3816539448685044
0.2332828792996281,0.38905932260267134,1852,13106,0.43685210492983567
0.013515722837868258,0.2156587196711187,1197,14946,0.49818339388687044
0.0038985239340730733,0.6610977405139783,2926,9562,0.31872270924302526
0.01695327740642151,0.23240302900268076,1218,15188,0.5062497916736108
0.0004292808154983189,0.3303429736590198,1033,16069,0.5356154794840172
0.10467457804633426,0.5947144914490585,1268,15284,0.5094496850104997
0.29378430892201607,0.48645077614810794,1651,14076,0.46918436052131596
0.019816395875077216,0.5981062950752615,1297,14904,0.4967834405519816
0.35976571258071405,0.6443378726075654,1511,14209,0.4736175460817973
0.07229741059772453,0.5386581959662202,375,19063,0.6354121529282357
0.21729552870799682,0.30069364781400704,1011,15966,0.5321822605913136
7.988072350336361e-05,0.719642744018199,1513,14284,0.4761174627512416
0.14666068329432602,0.30426678100598953,1340,14979,0.49928335722142597
0.2720734285817398,0.5422227437409537,2197,12114,0.4037865404486517
0.01087463122475261,0.7297243969103022,1247,15135,0.5044831838938703
0.003550353934817339,0.500864758207409,3060,8756,0.29185693810206326
0.0004637229628767328,0.496659659193218,480,18428,0.6142461917936068
0.027121908840067106,0.4106657258786771,965,16015,0.5338155394820173
0.09083417489744686,0.39334866369984367,2517,11416,0.3805206493116896
7.290560428390291e-06,0.6290165597600605,2207,11939,0.39795340155328157
0.0068517036006877806,0.42438534149380375,2023,12887,0.42955234825505817
0.5209474467684109,0.6113419633702006,1807,13411,0.44701843271890934
0.03611253928823145,0.6089411100947417,275,19895,0.6631445618479384
2.828602617945093e-07,0.19824207387413098,2299,11891,0.3963534548848372
0.30077761723535673,0.5128662043297241,1093,15634,0.52111596280124
0.40043526234987953,0.457749531868276,252,19945,0.6648111729609013
0.0005700202653702959,0.4899247749608714,3002,8540,0.28465717809406355
0.3780877728281538,0.529816233391073,485,18346,0.6115129495683477
0.000853131582106385,0.20625676950663302,2907,9527,0.3175560814639512
0.03983985737445905,0.5440430998558642,1716,13710,0.45698476717442754
0.03282378975636176,0.6556246490939732,963,16121,0.5373487550414986
0.2874433776242845,0.395535820726551,2369,11392,0.3797206759774674
0.13969322344878568,0.32667401079647707,364,19387,0.6462117929402353
6.265197893453008e-06,0.48288255699138655,810,17032,0.5677144095196827
0.14439749810644856,0.28814139315415244,543,17965,0.5988133728875704
0.32740594529816197,0.5835022725412488,1255,15416,0.5138495383487217
7.115187726659508e-11,0.5027722003292554,2663,10434,0.3477884070530982
0.022604561952765185,0.24877987486557018,520,18169,0.6056131462284591
0.021793586029070906,0.3549384229525863,741,17333,0.5777474084197194
0.010960578779382269,0.7185551432519213,1123,15559,0.5186160461317956
0.24035386545442386,0.5240946014808275,855,16751,0.5583480550648312
0.3482254902481455,0.6929211751000323,1478,14206,0.4735175494150195
0.02237263480069299,0.38691651641191604,2352,11551,0.38502049931668947
0.009570674590628242,0.3825909514124283,1774,13594,0.4531182293923536
0.4609819933959927,0.5273411498895941,1464,14807,0.4935502149928336
0.1212787190422254,0.263620800380747,2003,12563,0.41875270824305855
0.01909366310482309,0.6125818218835639,1015,15789,0.526282457251425
0.18887875434722415,0.4781328052898752,572,17967,0.5988800373320889
0.35081027570453044,0.6447773670634764,855,16570,0.5523149228359054
0.24976065514539322,0.5069232538273504,1665,14028,0.4675844138528716
0.10832308390569811,0.6811618896506985,506,18080,0.6026465784473851
1.2914379928472887e-05,0.49009643747797477,2595,10946,0.36485450484983833
0.27053890354841825,0.5864005932907209,1587,14165,0.4721509283023899
1.0112799700241573e-10,0.6171098394554275,1276,14951,0.4983500549981667
2.45227641938991e-11,0.536013195923152,1550,14278,0.4759174694176861
0.010893925777021663,0.33182701593073916,1084,15743,0.5247491750274991
3.742487205220374e-08,0.49259567269616455,430,18696,0.623179227359088
4.171670975299693e-08,0.4266603666644725,2172,12209,0.40695310156328124
0.00023337757321510694,0.3096971917579021,2627,10766,0.3588547048431719
0.0006447366963753968,0.22504053971769666,824,16598,0.5532482250591647
0.2651958103880824,0.6530722984948518,1989,12657,0.4218859371354288
9.139052111833807e-11,0.5449914031690357,610,17672,0.5890470317656078
0.02302262931465888,0.796064672786863,2250,11762,0.39205359821339286
0.23406599699140282,0.45035303481064753,3108,8707,0.2902236592113596
5.146282236282842e-06,0.5580819571625519,390,19125,0.6374787507083097
0.0007639808111151886,0.3838672955322308,188,20637,0.6878770707643078
5.114681669219842e-12,0.5606220290643054,2008,12945,0.4314856171460951
0.03248535270056323,0.4434770367647149,1866,13358,0.4452518249391687
0.1746933528867202,0.5512380945252318,693,17528,0.5842471917602746
0.5786833790740652,0.770927842386033,35,23604,0.7867737742075264
1.2914379928472887e-05,0.6810615175824302,2801,9535,0.31782273924202525
0.03268831428134955,0.6727162885457155,543,17999,0.5999466684443852
0.19590934132023624,0.4834206347259548,1426,14438,0.4812506249791674
3.97594898148648e-06,0.4095757121673088,1063,15893,0.5297490083663878
0.34155636896275626,0.683504874209478,1518,14069,0.46895103496550117
0.07598135571382768,0.3410795186955233,280,20042,0.6680443985200494
0.13587621686299864,0.47158621322065414,541,18051,0.6016799440018666
8.910850489973961e-05,0.3695839341520274,1722,13499,0.4499516682777241
0.0650822749471341,0.289775301091374,1175,15493,0.5164161194626846
0.02177077731911883,0.6847600560268481,926,16596,0.5531815606146462
0.2682098224379047,0.8112607101743519,733,17085,0.5694810172994234
0.0036237140254261886,0.4886019383279952,1836,13432,0.44771840938635377
0.00020189582899092308,0.6410268726809679,735,16939,0.5646145128495716
0.2609595505090914,0.5835865899230258,654,17665,0.588813706209793
4.506172900080807e-08,0.497777307576578,2080,12620,0.4206526449118363
0.09002146853686684,0.3055089941399655,1862,13162,0.4387187093763541
0.021537772118960172,0.8046873186684537,1343,14588,0.4862504583180561
0.26310763846342433,0.43812547078956926,1777,13443,0.4480850638312056
9.103359350508861e-11,0.4323527958301151,810,16933,0.5644145195160162
0.16985088760703265,0.3878133875527747,1206,15434,0.5144495183493883
8.641093822773666e-06,0.436209258620446,2678,10451,0.34835505483150564
0.0921825696104563,0.1739962749049608,1574,14137,0.4712176260791307
0.0003270252443668659,0.3316882404447217,1661,14058,0.4685843805206493
0.5391127397953734,0.6680753083963736,524,18104,0.6034465517816073
0.26802691930713013,0.5624233091698072,2251,11912,0.39705343155228157
0.05887043544122453,0.722803539041019,884,16648,0.5549148361721276
4.685622578497138e-14,0.7372233425725673,2070,12355,0.4118196060131329
0.34977433563872135,0.4454568843654387,2940,9002,0.30005666477784076
0.03683663006685983,0.5764070974926386,2284,11768,0.39225359154694844
0.48662997963363747,0.7333657559646062,2197,11958,0.39858671377620747
0.001732469196954983,0.7704477505877017,1407,14642,0.488050398320056
0.054638397248775394,0.40405454379646094,847,16784,0.5594480183993867
0.01596456062145039,0.20532421123968508,1421,14540,0.4846505116496117
0.006058078430083581,0.2633642488863295,2565,10959,0.3652878237392087
0.18631536753935,0.3044804122376204,1233,15041,0.5013499550014999
0.004833769207897119,0.4500951245407414,3048,9362,0.31205626479117365
0.2930110428212633,0.4222937109527973,610,17611,0.5870137662077931
2.6736786672485393e-07,0.5349306949797763,1239,15364,0.5121162627912403
0.008366525912706467,0.5822586157223651,1945,12481,0.41601946601779943
0.010463421664109861,0.4759652640765402,2654,10896,0.36318789373687543
7.78286822940307e-13,0.5189687208436914,762,17171,0.5723475884137196
0.40843897616379005,0.5613148521712228,228,20448,0.6815772807573081
3.5942926354584874e-07,0.46525347405389017,1663,13676,0.45585147161761275
2.413105013916204e-09,0.7036513917814023,1394,14531,0.48435052164927833
0.01639211928195413,0.7255529270630178,1025,16170,0.5389820339322022
0.010959825167873218,0.7583125754878661,1651,13904,0.46345121829272357
0.1144934188189131,0.5248770854826889,1614,14037,0.4678844038532049
0.14597845039710772,0.45852495241957114,1106,15658,0.5219159361354622
0.3463418408125227,0.7378594986381926,993,16105,0.5368154394853505
1.829793814661709e-10,0.3846939399924975,1091,15696,0.523182560581314
0.11583134367971766,0.26421141764378486,1358,14974,0.49911669611012965
5.231555170911132e-05,0.8542140323779471,1617,14087,0.4695510149661678
9.462066998342092e-07,0.2216827110925109,2479,10936,0.36452118262724575
0.0627555305164692,0.28649461149679967,1093,15800,0.5266491116962768
0.405839327854922,0.761523868347952,2042,12591,0.4196860104663178
0.19355045051755132,0.27844033338389707,1915,13250,0.44165194493516885
3.2598602117094794e-09,0.5726066728250112,2611,10788,0.3595880137328756
7.586591393796279e-10,0.6669651444918736,1557,14297,0.476550781640612
0.12097625302796618,0.31857397173856317,1842,13243,0.441418619379354
0.15923362249547693,0.6142635487685209,1334,15042,0.5013832872237592
0.5395201313789039,0.7301214872362299,264,20077,0.6692110262991233
0.3213632986728732,0.5188434691274431,1663,13795,0.45981800606646445
0.10631989458837525,0.3468594678751008,436,18803,0.6267457751408286
0.1387913365845829,0.7942214379064617,18,24559,0.8186060464651178
4.3277617744254114e-11,0.5524200451204314,966,16139,0.5379487350421652
0.5247145883579234,0.7693331826708577,1118,15443,0.5147495083497217
0.1393143666622091,0.38692919771124784,2107,12442,0.4147195093496883
0.008974379537772992,0.5040901214379749,2076,12646,0.421519282690577
0.33904658213591515,0.4441192663005148,3014,9325,0.31082297256758107
0.20457441131065693,0.2617044089956126,2475,11026,0.367521082630579
0.1797919702975917,0.7400898981281676,966,16168,0.5389153694876837
0.23099198968037304,0.2777100054532838,2153,12339,0.4112862904569848
3.9490435385066554e-07,0.41472792227949806,1565,13837,0.4612179594013533
9.202997809967173e-09,0.28094152431868646,3236,6457,0.21522615912802906
0.010259863347537819,0.6243032347967674,1777,13667,0.45555148161727943
0.12652856499137316,0.4513572526126294,892,16409,0.546948435052165
0.3474276636572278,0.5415275581234114,1846,13242,0.44138528715709474
0.12205272355436536,0.32084791857763884,2026,12848,0.4282523915869471
0.0007755602233269574,0.7075256748415905,2682,10213,0.3404219859338022
8.742737029443982e-05,0.49454804909571937,2272,12095,0.4031532282257258
0.026567322976677143,0.7243492876214426,752,16952,0.565047831738942
0.0040881471725055475,0.6864522602075231,1748,13554,0.45178494050198326
3.804070217543345e-05,0.3806012416084046,2025,12691,0.4230192326922436
0.37537247354221026,0.48482279187639643,2469,11184,0.37278757374754173
0.42074513292746923,0.4903594904374279,913,16656,0.5551814939502017
0.0039363517133170454,0.437009892347572,1025,15870,0.5289823672544248
